Mes,ID_SKU,Descripcion_SKU,Grupo_Producto,Unidad_Medida,Prioridad_Cliente,Demanda_Real,Pronostico_30_dias,Demanda_Diaria_Proyectada,Desviacion_Demanda_Mensual,Desviacion_Demanda_Diaria,LeadTime_Proveedor_dias,Transito_dias,LeadTime_Total_dias,MOQ,Inventario_Actual,Recepciones_Planificadas,Fecha_Recepcion_Planificada,Fecha_Recepcion_Ajustada,Dias_Hasta_Recepcion,Vida_Util_dias,Demanda_Durante_LeadTime,Dias_Inventario_Proyectados,Demanda_Hasta_Recepcion,Inventario_Despues_Espera_Recepcion,Riesgo_Quiebre_Antes_Recepcion,Inventario_Despues_Recepcion,Cobertura_MOQ_dias,Riesgo_Caducidad_MOQ,Riesgo_Caducidad_Inventario,Nivel_Servicio,Z,Stock_Seguridad,Punto_Reorden,Cantidad_Recomendada,Accion_Final
2025-07-01,SKU0001,Surfactants Grade A,Surfactants,kg,High,671,661.8006856571005,22.060022855236685,163.255253446184,29.806194981232665,29,2,31,5241,682,725,2025-07-08,2025-08-08,8,730,683.8607085123373,30.915652466701978,176.48018284189348,505.51981715810655,No,1230.5198171581064,237.57908295892238,Sin riesgo,No,0.98,2.054,340.8692494073763,1024.7299579197136,0,OK
2025-07-01,SKU0002,Surfactants Grade A,Surfactants,kg,Low,167,156.55555472821536,5.218518490940512,39.99222146590232,7.30154727387234,51,7,58,516,232,143,2025-07-08,2025-08-08,8,365,302.6740724745497,44.45706198085879,41.748147927524094,190.2518520724759,No,333.2518520724759,98.87863785397903,Sin riesgo,No,0.98,2.054,114.21662879651755,416.89070127106726,516,Reabastecer
2025-07-01,SKU0003,Surfactants Grade C,Surfactants,kg,Medium,357,387.4444336774508,12.914814455915026,73.27156489540961,13.377496305639834,46,10,56,8372,265,361,2025-07-08,2025-08-08,8,540,723.2296095312415,20.519071404748612,103.31851564732021,161.68148435267977,No,522.6814843526797,648.2477954737939,Negociar MOQ - Alto riesgo de caducar,No,0.98,2.054,205.62186432395572,928.8514738551972,8372,Reabastecer - Negociar MOQ
2025-07-01,SKU0004,Solvents Grade C,Solvents,litre,Medium,278,269.5555703843945,8.985185679479818,57.971353078721386,10.584072590104087,28,7,35,5361,551,159,2025-07-08,2025-08-08,8,1095,314.4814987817936,61.32316233134308,71.88148543583854,479.11851456416144,No,638.1185145641614,596.6487717937027,Sin riesgo,No,0.98,2.054,128.6137115114985,443.0952102932921,0,OK
2025-07-01,SKU0005,Intermediates Grade B,Intermediates,litre,Medium,530,403.33327019020726,13.444442339673575,124.04483956304763,22.647385590263486,24,8,32,2608,688,62,2025-07-08,2025-08-08,8,365,430.2221548695544,51.173561730393374,107.5555387173886,580.4444612826114,No,642.4444612826114,193.98350144311905,Sin riesgo,No,0.98,2.054,263.1440186408224,693.3661735103768,2608,Reabastecer
2025-07-01,SKU0006,Intermediates Grade B,Intermediates,kg,Medium,192,240.44991722597103,8.014997240865702,67.01243665668835,12.234741063418095,20,8,28,9217,105,174,2025-07-08,2025-08-08,8,730,224.41992274423964,13.10044119100145,64.11997792692561,40.880022073074386,No,214.88002207307437,1149.9692043567652,Negociar MOQ - Alto riesgo de caducar,No,0.98,2.054,132.97629771487684,357.3962204591165,9217,Reabastecer - Negociar MOQ
2025-07-01,SKU0007,Surfactants Grade A,Surfactants,kg,Medium,329,296.777776705178,9.892592556839267,58.252706184157454,10.635440404261242,52,10,62,3055,125,130,2025-07-08,2025-08-08,8,730,613.3407385240346,12.63571700560749,79.14074045471413,45.859259545285866,No,175.85925954528585,308.81692361704705,Sin riesgo,No,0.98,2.054,172.0092342137565,785.3499727377911,3055,Reabastecer
2025-07-01,SKU0008,Additives Grade C,Additives,kg,Medium,415,394.1110457416092,13.13703485805364,83.68784592493438,15.279240334034451,19,11,30,1578,570,321,2025-07-08,2025-08-08,8,1095,394.1110457416092,43.38878644678044,105.09627886442912,464.9037211355709,No,785.9037211355709,120.1184298474027,Sin riesgo,No,0.98,2.054,171.89483552981523,566.0058812714244,0,OK
2025-07-01,SKU0009,Packaging Grade C,Packaging,litre,Medium,379,367.8888629192401,12.262962097308003,88.22628733987268,16.10784258032691,50,8,58,5443,0,264,2025-07-08,2025-08-08,8,730,711.2518016438642,0.0,98.10369677846403,-98.10369677846403,Alto,165.89630322153596,443.8568721658906,Sin riesgo,No,0.98,2.054,251.97172704659047,963.2235286904546,5443,Urgente - Riesgo de quiebre
2025-07-01,SKU0010,Surfactants Grade A,Surfactants,kg,Medium,182,231.66667046125008,7.722222348708336,41.18589294622343,7.519480872546493,32,9,41,2662,176,45,2025-07-08,2025-08-08,8,540,316.6111162970418,22.791366533163703,61.77777878966669,114.22222121033332,No,159.22222121033332,344.71941881410106,Sin riesgo,No,0.98,2.054,98.89634164813772,415.5074579451795,2662,Reabastecer
2025-07-01,SKU0011,Surfactants Grade A,Surfactants,kg,Medium,251,253.33334147017996,8.444444715672665,57.72886818760803,10.539801108531764,54,4,58,7149,216,29,2025-07-08,2025-08-08,8,1095,489.77779350901454,25.578946546847508,67.55555772538132,148.44444227461867,No,177.44444227461867,846.5920780713557,Sin riesgo,No,0.98,2.054,164.8719792734912,654.6497727825058,7149,Reabastecer
2025-07-01,SKU0012,Intermediates Grade C,Intermediates,kg,Medium,482,397.88886720893913,13.262962240297972,80.29667213250843,14.660099539857107,58,6,64,8276,31,351,2025-07-08,2025-08-08,8,730,848.8295833790702,2.3373360670371284,106.10369792238377,-75.10369792238377,Alto,275.8963020776162,623.9933319612669,Sin riesgo,No,0.98,2.054,240.89475563893197,1089.7243390180022,8276,Urgente - Riesgo de quiebre
2025-07-01,SKU0013,Solvents Grade B,Solvents,kg,Medium,283,321.22223233090244,10.707407744363415,48.539102221244725,8.861987069208283,24,2,26,3993,211,309,2025-07-08,2025-08-08,8,540,278.3926013534488,19.70598346841461,85.65926195490732,125.34073804509268,No,434.3407380450927,372.9193933145949,Sin riesgo,No,0.98,2.054,92.81501201993532,371.2076133733841,0,OK
2025-07-01,SKU0014,Intermediates Grade A,Intermediates,litre,Medium,357,292.11112018240283,9.737037339413428,66.03399797747286,12.056103418170801,57,7,64,3893,624,363,2025-07-08,2025-08-08,8,540,623.1703897224594,64.08520150931152,77.89629871530742,546.1037012846925,No,909.1037012846925,399.8136049290861,Sin riesgo,No,0.98,2.054,198.10589136738258,821.276281089842,0,OK
2025-07-01,SKU0015,Solvents Grade A,Solvents,litre,Medium,465,459.99999129333895,15.333333043111299,87.98617315616511,16.064003928729047,39,6,45,7679,497,234,2025-07-08,2025-08-08,8,730,689.9999869400085,32.41304409175954,122.66666434489039,374.33333565510964,No,608.3333356551096,500.80435730507344,Sin riesgo,No,0.98,2.054,221.34030182639583,911.3402887664043,7679,Reabastecer
2025-07-01,SKU0016,Solvents Grade B,Solvents,litre,Low,209,176.99999564692797,5.899999854897599,32.437289926530205,5.922211799031896,27,10,37,8579,448,125,2025-07-08,2025-08-08,8,730,218.29999463121118,75.93220525727887,47.19999883918079,400.8000011608192,No,525.8000011608192,1454.0678323709717,Negociar MOQ - Alto riesgo de caducar,No,0.98,2.054,73.99208008877507,292.29207471998626,0,OK
2025-07-01,SKU0017,Additives Grade C,Additives,kg,High,1367,1584.8883213912063,52.82961071304021,310.1674099937358,56.628562352174136,29,14,43,4909,1432,1220,2025-07-08,2025-08-08,8,540,2271.6732606607293,27.10601082749474,422.6368857043217,1009.3631142956783,No,2229.3631142956783,92.92137370961709,Sin riesgo,No,0.98,2.054,762.7289017705442,3034.4021624312736,4909,Reabastecer
2025-07-01,SKU0018,Packaging Grade A,Packaging,kg,Low,134,133.1111149382852,4.437037164609507,26.86509507396788,4.904872860511042,37,1,38,5326,137,148,2025-07-08,2025-08-08,8,1095,168.60741225516125,30.87645988019509,35.49629731687605,101.50370268312395,No,249.50370268312395,1200.3505497950296,Negociar MOQ - Alto riesgo de caducar,No,0.98,2.054,62.104059903215834,230.7114721583771,0,OK
2025-07-01,SKU0019,Packaging Grade C,Packaging,kg,Medium,572,563.2222422493585,18.774074741645283,152.30466542792152,27.806900289383275,21,4,25,5942,1359,574,2025-07-08,2025-08-08,8,365,469.3518685411321,72.38705601748887,150.19259793316226,1208.8074020668378,No,1782.8074020668378,316.500284662192,Sin riesgo,No,0.98,2.054,285.5768659719662,754.9287345130983,0,OK
2025-07-01,SKU0020,Solvents Grade B,Solvents,litre,Medium,296,263.16511895972667,8.772170631990889,90.14562292942088,16.458263712932915,52,1,53,3149,602,89,2025-07-08,2025-08-08,8,1095,464.9250434955171,68.6261160726388,70.17736505592711,531.8226349440729,No,620.8226349440729,358.9761453699993,Sin riesgo,No,0.98,2.054,246.10610712833235,711.0311506238495,3149,Reabastecer
2025-07-01,SKU0021,Additives Grade C,Additives,kg,Medium,649,543.22224473942,18.107408157980668,87.77755977469413,16.025916510452685,47,9,56,3154,750,269,2025-07-08,2025-08-08,8,1095,1014.0148568469174,41.41951147599468,144.85926526384534,605.1407347361546,No,874.1407347361546,174.18285226038296,Sin riesgo,No,0.98,2.054,246.330012364876,1260.3448692117934,3154,Reabastecer
2025-07-01,SKU0022,Surfactants Grade C,Surfactants,kg,Medium,270,363.6666230129355,12.122220767097849,88.76742395471189,16.206640157206714,57,5,62,9046,83,115,2025-07-08,2025-08-08,8,365,751.5776875600666,6.8469302444382745,96.97776613678279,-13.97776613678279,Alto,101.02223386321721,746.2329035082968,Negociar MOQ - Alto riesgo de caducar,No,0.98,2.054,262.1134298775359,1013.6911174376025,9046,Urgente - Riesgo de quiebre
2025-07-01,SKU0023,Intermediates Grade A,Intermediates,kg,High,769,774.5108078339197,25.817026927797322,124.80295580545271,22.785798045988926,24,9,33,8204,1274,563,2025-07-08,2025-08-08,8,1095,851.9618886173116,49.347277808672764,206.53621542237858,1067.4637845776215,No,1630.4637845776215,317.77477797672793,Sin riesgo,No,0.98,2.054,268.8571886467279,1120.8190772640396,0,OK
2025-07-01,SKU0024,Intermediates Grade C,Intermediates,litre,Low,82,92.33333396070442,3.0777777986901476,17.09483352751156,3.121075313271231,46,12,58,8160,14,37,2025-07-08,2025-08-08,8,540,178.51111232402855,4.548736431186869,24.62222238952118,-10.62222238952118,Alto,26.37777761047882,2651.263519891775,Negociar MOQ - Alto riesgo de caducar,No,0.98,2.054,48.822350541711714,227.33346286574027,8160,Urgente - Riesgo de quiebre
2025-07-01,SKU0025,Intermediates Grade A,Intermediates,litre,High,838,782.1111068008662,26.07037022669554,105.69053358219409,19.296363119241665,23,3,26,7435,649,328,2025-07-08,2025-08-08,8,540,677.8296258940841,24.89416123962202,208.56296181356433,440.43703818643564,No,768.4370381864356,285.1896591935126,Sin riesgo,No,0.98,2.054,202.09826090543555,879.9278867995197,7435,Reabastecer
2025-07-01,SKU0026,Packaging Grade B,Packaging,litre,Medium,108,195.88888923393424,6.529629641131141,39.49978902897245,7.211641822621098,52,5,57,6988,80,87,2025-07-08,2025-08-08,8,365,372.18888954447505,12.251843427086232,52.23703712904913,27.762962870950872,No,114.76296287095087,1070.1985233559824,Negociar MOQ - Alto riesgo de caducar,No,0.98,2.054,111.83352542995917,484.02241497443424,6988,Reabastecer - Negociar MOQ
2025-07-01,SKU0027,Surfactants Grade A,Surfactants,kg,Low,71,61.00000041120182,2.0333333470400605,13.8728351664523,2.5328215857389536,33,11,44,7771,88,51,2025-07-08,2025-08-08,8,730,89.46666726976267,43.27868823284795,16.266666776320484,71.73333322367952,No,122.73333322367952,3821.803252925698,Negociar MOQ - Alto riesgo de caducar,No,0.98,2.054,34.50892068020373,123.9755879499664,7771,Reabastecer - Negociar MOQ
2025-07-01,SKU0028,Solvents Grade A,Solvents,litre,Low,157,134.44443173222916,4.4814810577409725,26.260447656335014,4.794479850519453,19,4,23,913,150,169,2025-07-08,2025-08-08,8,365,103.07406432804237,33.47107754497842,35.85184846192778,114.14815153807223,No,283.1481515380722,203.7272919904353,Sin riesgo,No,0.98,2.054,47.228685160688165,150.30274948873054,0,OK
2025-07-01,SKU0029,Packaging Grade C,Packaging,litre,Low,157,123.22221853865352,4.107407284621784,21.29162589689508,3.8873012632301998,56,11,67,6069,317,111,2025-07-08,2025-08-08,8,540,275.19628806965954,77.17763981839697,32.85925827697427,284.1407417230257,No,395.1407417230257,1477.5744355137263,Negociar MOQ - Alto riesgo de caducar,No,0.98,2.054,65.35608667735374,340.5523747470133,0,OK
2025-07-01,SKU0030,Solvents Grade C,Solvents,kg,Medium,259,266.4444488175605,8.881481627252017,58.92594222128881,10.758355925615318,27,6,33,6942,24,180,2025-07-08,2025-08-08,8,1095,293.08889369931654,2.702251832212115,71.05185301801613,-47.05185301801613,Alto,132.94814698198388,781.6263424673543,Sin riesgo,No,0.98,2.054,126.94140985467797,420.0303035539945,6942,Urgente - Riesgo de quiebre
2025-07-01,SKU0031,Intermediates Grade A,Intermediates,kg,Low,159,150.22222112216124,5.007407370738708,43.76756790135819,7.990828075570975,42,6,48,6718,0,135,2025-07-08,2025-08-08,8,730,240.35555379545798,0.0,40.05925896590966,-40.05925896590966,Alto,94.94074103409034,1341.6124358599848,Negociar MOQ - Alto riesgo de caducar,No,0.98,2.054,113.71371413932445,354.06926793478243,6718,Urgente - Riesgo de quiebre
2025-07-01,SKU0032,Solvents Grade C,Solvents,kg,Medium,292,315.5555509679504,10.518518365598347,53.4728383802884,9.762759931570656,15,8,23,3207,170,147,2025-07-08,2025-08-08,8,730,241.92592240876198,16.161972065951662,84.14814692478677,85.85185307521323,No,232.85185307521323,304.89084950298223,Sin riesgo,No,0.98,2.054,96.16941346777725,338.09533587653925,3207,Reabastecer
2025-07-01,SKU0033,Solvents Grade A,Solvents,kg,Medium,523,473.0000018491541,15.766666728305136,47.499239759998034,8.672135026965732,28,9,37,9839,604,304,2025-07-08,2025-08-08,8,365,583.36666894729,38.30866792634539,126.13333382644109,477.8666661735589,No,781.8666661735589,624.0380525286628,Negociar MOQ - Alto riesgo de caducar,No,0.98,2.054,108.34960505141233,691.7162739987024,0,OK
2025-07-01,SKU0034,Intermediates Grade A,Intermediates,kg,High,598,808.8888138562844,26.962960461876147,131.86984323777577,24.076029265333293,31,13,44,3677,0,407,2025-07-08,2025-08-08,8,540,1186.3702603225504,0.0,215.70368369500918,-215.70368369500918,Alto,191.29631630499082,136.37226539715607,Sin riesgo,No,0.98,2.054,328.0285468544964,1514.3988071770468,3677,Urgente - Riesgo de quiebre
2025-07-01,SKU0035,Packaging Grade B,Packaging,kg,High,581,701.2222577306006,23.374075257686687,195.8026500785364,35.74850942243502,29,3,32,1713,711,732,2025-07-08,2025-08-08,8,1095,747.970408245974,30.418315683576996,186.9926020614935,524.0073979385065,No,1256.0073979385065,73.28632175241546,Sin riesgo,No,0.98,2.054,415.36831668036314,1163.3387249263371,0,OK
2025-07-01,SKU0036,Solvents Grade B,Solvents,kg,Medium,193,219.4444470767482,7.314814902558273,36.030234217636966,6.578190677731422,36,12,48,1356,198,165,2025-07-08,2025-08-08,8,1095,351.1111153227971,27.0683541056865,58.51851922046618,139.48148077953383,No,304.48148077953385,185.37721296621663,Sin riesgo,No,0.98,2.054,93.61113606840682,444.72225139120394,1356,Reabastecer
2025-07-01,SKU0037,Additives Grade A,Additives,litre,High,626,889.2222332883205,29.640741109610683,150.1002997998338,27.404440029552383,57,5,62,5914,342,426,2025-07-08,2025-08-08,8,365,1837.7259487958625,11.538173041466573,237.12592887688547,104.87407112311453,No,530.8740711231145,199.52267651237813,Sin riesgo,No,0.98,2.054,443.21782308624114,2280.9437718821036,5914,Reabastecer
2025-07-01,SKU0038,Additives Grade A,Additives,litre,Medium,176,180.22222303926767,6.007407434642256,39.55923828049946,7.222495721317144,29,11,40,5580,217,72,2025-07-08,2025-08-08,8,365,240.29629738569025,36.1220713528851,48.05925947713805,168.94074052286194,No,240.94074052286194,928.8532633599025,Negociar MOQ - Alto riesgo de caducar,No,0.98,2.054,93.8248174627114,334.12111484840165,5580,Reabastecer - Negociar MOQ
2025-07-01,SKU0039,Packaging Grade B,Packaging,kg,Low,77,130.11111258266413,4.337037086088804,32.245585399830745,5.887211501148847,25,8,33,713,70,41,2025-07-08,2025-08-08,8,1095,143.12222384093053,16.140051055714377,34.69629668871043,35.30370331128957,No,76.30370331128957,164.39794861034784,Sin riesgo,No,0.98,2.054,69.46516114875298,212.58738498968353,713,Reabastecer
2025-07-01,SKU0040,Solvents Grade A,Solvents,litre,Medium,325,265.3333455956797,8.844444853189323,77.48003327022748,14.145853992784785,42,4,46,1545,0,289,2025-07-08,2025-08-08,8,365,406.84446324670887,0.0,70.75555882551458,-70.75555882551458,Alto,218.24444117448542,174.6859215751535,Sin riesgo,No,0.98,2.054,197.0645592266506,603.9090224733595,1545,Urgente - Riesgo de quiebre
2025-07-01,SKU0041,Packaging Grade B,Packaging,litre,Medium,216,224.05613392584692,7.4685377975282305,41.90584684742691,7.650925869897489,29,4,33,6635,85,149,2025-07-08,2025-08-08,8,365,246.4617473184316,11.381076497749184,59.748302380225844,25.251697619774156,No,174.25169761977415,888.3934419125393,Negociar MOQ - Alto riesgo de caducar,No,0.98,2.054,90.27581196732598,336.7375592857576,6635,Reabastecer - Negociar MOQ
2025-07-01,SKU0042,Additives Grade B,Additives,kg,Low,120,112.00000002237849,3.733333334079283,23.26872006220654,4.248267620781178,17,7,24,3746,92,27,2025-07-08,2025-08-08,8,1095,89.60000001790279,24.642857137933305,29.866666672634263,62.13333332736573,No,89.13333332736573,1003.3928569423713,Sin riesgo,No,0.98,2.054,42.748209346669306,132.34820936457209,3746,Reabastecer
2025-07-01,SKU0043,Surfactants Grade B,Surfactants,litre,Medium,399,409.8888886977793,13.662962956592644,19.982214313956515,3.6482365095522002,43,8,51,904,0,362,2025-07-08,2025-08-08,8,730,696.8111107862248,0.0,109.30370365274115,-109.30370365274115,Alto,252.69629634725885,66.164272191326,Sin riesgo,No,0.98,2.054,53.514135322589695,750.3252461088146,904,Urgente - Riesgo de quiebre
2025-07-01,SKU0044,Packaging Grade B,Packaging,kg,Medium,476,553.2222240494395,18.440740801647983,71.09938271336974,12.980911912268489,23,9,32,5299,839,425,2025-07-08,2025-08-08,8,1095,590.1037056527355,45.49708761835758,147.52592641318387,691.4740735868161,No,1116.474073586816,287.3528811557531,Sin riesgo,No,0.98,2.054,150.82753426891745,740.931239921653,0,OK
2025-07-01,SKU0045,Solvents Grade A,Solvents,litre,Low,24,24.00000025331975,0.8000000084439917,19.611787838497083,3.580606197383445,34,5,39,9975,34,14,2025-07-08,2025-08-08,8,365,31.200000329315674,42.49999955141295,6.400000067551933,27.599999932448068,No,41.59999993244807,12468.749868392475,Negociar MOQ - Alto riesgo de caducar,No,0.98,2.054,45.9292445123535,77.12924484166918,9975,Reabastecer - Negociar MOQ
2025-07-01,SKU0046,Packaging Grade A,Packaging,kg,High,720,644.6666947915843,21.488889826386142,105.82821509933497,19.321500210138197,17,7,24,252,1272,590,2025-07-08,2025-08-08,8,540,515.7333558332674,59.19337901012062,171.91111861108914,1100.088881388911,No,1690.088881388911,11.726990181250311,Sin riesgo,No,0.98,2.054,194.42267051029708,710.1560263435645,0,OK
2025-07-01,SKU0047,Surfactants Grade C,Surfactants,kg,Low,158,133.22222409204895,4.440740803068298,33.079029946814074,6.039376960752994,39,4,43,4439,0,75,2025-07-08,2025-08-08,8,540,190.95185453193682,0.0,35.525926424546384,-35.525926424546384,Alto,39.474073575453616,999.6079926423323,Negociar MOQ - Alto riesgo de caducar,No,0.98,2.054,81.3442398202893,272.29609435222613,4439,Urgente - Riesgo de quiebre
2025-07-01,SKU0048,Solvents Grade B,Solvents,kg,High,1174,861.8888603488173,28.72962867829391,245.54872790910113,44.830859080837676,53,7,60,247,789,449,2025-07-08,2025-08-08,8,365,1723.7777206976345,27.462937611724616,229.83702942635128,559.1629705736487,No,1008.1629705736487,8.597396185166009,Sin riesgo,No,0.98,2.054,713.2686328915792,2437.0463535892136,247,Reabastecer
2025-07-01,SKU0049,Packaging Grade C,Packaging,kg,High,722,720.1110803923958,24.003702679746528,134.52719675465875,24.561193420154122,30,3,33,6337,0,783,2025-07-08,2025-08-08,8,730,792.1221884316354,0.0,192.02962143797222,-192.02962143797222,Alto,590.9703785620278,264.00093704488916,Sin riesgo,No,0.98,2.054,289.80566752251985,1081.9278559541553,6337,Urgente - Riesgo de quiebre
2025-07-01,SKU0050,Intermediates Grade B,Intermediates,kg,Medium,227,227.00000044703484,7.566666681567828,45.917316994789665,8.383316766053875,22,11,33,2561,116,95,2025-07-08,2025-08-08,8,1095,249.7000004917383,15.330396445580524,60.53333345254262,55.46666654745738,No,150.46666654745738,338.4581491132045,Sin riesgo,No,0.98,2.054,98.91753506755008,348.6175355592884,2561,Reabastecer
2025-07-01,SKU0051,Intermediates Grade C,Intermediates,litre,Medium,410,406.3148774765152,13.543829249217174,66.6517483308244,12.168888685983276,14,4,18,7148,477,106,2025-07-08,2025-08-08,8,365,243.78892648590912,35.21899096797683,108.35063399373739,368.6493660062626,No,474.6493660062626,527.7680239813383,Negociar MOQ - Alto riesgo de caducar,No,0.98,2.054,106.04436851418997,349.8332950000991,0,OK
2025-07-01,SKU0052,Packaging Grade C,Packaging,litre,High,708,686.7780221416054,22.892600738053513,182.44283731867603,33.30935248489473,48,4,52,8388,1097,679,2025-07-08,2025-08-08,8,365,1190.4152383787828,47.91941346255596,183.1408059044281,913.8591940955719,No,1592.8591940955719,366.4065999306467,Negociar MOQ - Alto riesgo de caducar,No,0.98,2.054,493.36495980754063,1683.7801981863233,8388,Reabastecer - Negociar MOQ
2025-07-01,SKU0053,Intermediates Grade B,Intermediates,kg,Medium,299,243.11110720280752,8.103703573426918,51.45926112523921,9.395132703614063,18,5,23,8730,0,129,2025-07-08,2025-08-08,8,730,186.3851821888191,0.0,64.82962858741534,-64.82962858741534,Alto,64.17037141258466,1077.28520927478,Negociar MOQ - Alto riesgo de caducar,No,0.98,2.054,92.54805074502487,278.93323293384395,8730,Urgente - Riesgo de quiebre
2025-07-01,SKU0054,Intermediates Grade C,Intermediates,kg,Medium,191,223.7777768631829,7.459259228772764,59.0408521468163,10.779335511712867,53,9,62,2435,268,211,2025-07-08,2025-08-08,8,730,462.47407218391135,35.92850064336653,59.67407383018211,208.32592616981788,No,419.3259261698179,326.4399218902892,Sin riesgo,No,0.98,2.054,174.33648031725997,636.8105525011713,2435,Reabastecer
2025-07-01,SKU0055,Packaging Grade A,Packaging,kg,Medium,570,517.4444417806765,17.24814805935588,87.17313551522369,15.915564243380915,22,6,28,8170,0,126,2025-07-08,2025-08-08,8,365,482.94814566196465,0.0,137.98518447484705,-137.98518447484705,Alto,-11.985184474847046,473.67404151939445,Negociar MOQ - Alto riesgo de caducar,No,0.98,2.054,172.98223134906294,655.9303770110275,8170,Urgente - Riesgo de quiebre
2025-07-01,SKU0056,Surfactants Grade C,Surfactants,litre,Medium,298,287.11111512049206,9.570370504016402,41.73194885882464,7.619176586210076,31,7,38,6337,522,277,2025-07-08,2025-08-08,8,540,363.6740791526233,54.54334289157687,76.56296403213122,445.4370359678688,No,722.4370359678687,662.1478235707331,Negociar MOQ - Alto riesgo de caducar,No,0.98,2.054,96.47177665556634,460.1458558081896,0,OK
2025-07-01,SKU0057,Solvents Grade C,Solvents,litre,Medium,517,501.94245342819534,16.73141511427318,44.42734393241271,8.111286147274237,57,10,67,2099,67,759,2025-07-08,2025-08-08,8,540,1121.004812656303,4.004443111500106,133.85132091418544,-66.85132091418544,Alto,692.1486790858146,125.45262822445856,Sin riesgo,No,0.98,2.054,136.37273897973182,1257.377551636035,2099,Urgente - Riesgo de quiebre
2025-07-01,SKU0058,Additives Grade B,Additives,kg,High,594,638.7777649960775,21.29259216653592,156.87149730485353,28.640685901159717,19,4,23,7208,358,564,2025-07-08,2025-08-08,8,365,489.7296198303261,16.813359181445442,170.34073733228735,187.65926266771265,No,751.6592626677127,338.52148877055515,Sin riesgo,No,0.98,2.054,282.12902742004013,771.8586472503662,7208,Reabastecer
2025-07-01,SKU0059,Surfactants Grade A,Surfactants,kg,Low,97,122.00000008599508,4.066666669533169,21.30440747305068,3.8896348490904975,54,5,59,2305,25,65,2025-07-08,2025-08-08,8,540,239.93333350245697,6.147540979273293,32.53333335626535,-7.533333356265352,Alto,57.46666664373465,566.8032782889976,Negociar MOQ - Alto riesgo de caducar,No,0.98,2.054,61.36705438152612,301.3003878839831,2305,Urgente - Riesgo de quiebre
2025-07-01,SKU0060,Additives Grade A,Additives,kg,Medium,530,555.5272760928672,18.51757586976224,46.64570958000555,8.516302449267956,49,5,54,1698,757,430,2025-07-08,2025-08-08,8,1095,999.9490969671609,40.88008092010154,148.14060695809792,608.8593930419021,No,1038.859393041902,91.69666763848403,Sin riesgo,No,0.98,2.054,128.5429894458659,1128.4920864130268,1698,Reabastecer
2025-07-01,SKU0061,Surfactants Grade B,Surfactants,litre,Medium,365,511.8889162219889,17.062963874066295,111.4936968821307,20.355870933995465,48,9,57,3011,923,356,2025-07-08,2025-08-08,8,540,972.5889408217788,54.09376746104771,136.50371099253036,786.4962890074696,No,1142.4962890074696,176.4640669828978,Sin riesgo,No,0.98,2.054,315.6658172630317,1288.2547580848104,3011,Reabastecer
2025-07-01,SKU0062,Packaging Grade B,Packaging,kg,Medium,584,507.2222641800096,16.90740880600032,97.0232503635655,17.71394094219871,22,4,26,2919,814,390,2025-07-08,2025-08-08,8,1095,439.5926289560083,48.144574330699164,135.25927044800255,678.7407295519974,No,1068.7407295519974,172.64620696721238,Sin riesgo,No,0.98,2.054,185.5249425022554,625.1175714582637,0,OK
2025-07-01,SKU0063,Intermediates Grade C,Intermediates,litre,Medium,539,517.7380414395343,17.257934714651142,81.58267789998888,14.894890995834034,36,4,40,8402,885,289,2025-07-08,2025-08-08,8,365,690.3173885860457,51.280759524989875,138.06347771720914,746.9365222827909,No,1035.936522282791,486.8485215016553,Negociar MOQ - Alto riesgo de caducar,No,0.98,2.054,193.4941165401275,883.8115051261732,0,OK
2025-07-01,SKU0064,Solvents Grade C,Solvents,kg,Medium,323,351.6667514281696,11.722225047605654,108.30799703725584,19.774244378502576,49,12,61,4961,75,399,2025-07-08,2025-08-08,8,730,715.0557279039449,6.398102723281129,93.77780038084524,-18.777800380845235,Alto,380.22219961915476,423.21316813596906,Sin riesgo,No,0.98,2.054,317.22342792741637,1032.2791558313613,4961,Urgente - Riesgo de quiebre
2025-07-01,SKU0065,Solvents Grade B,Solvents,litre,High,694,679.7777789789484,22.65925929929828,115.82942439447565,21.147462854564495,24,9,33,1268,764,580,2025-07-08,2025-08-08,8,540,747.7555568768432,33.7169008884443,181.27407439438625,582.7259256056137,No,1162.7259256056136,55.95946377820337,Sin riesgo,No,0.98,2.054,249.52592832666593,997.2814852035092,0,OK
2025-07-01,SKU0066,Surfactants Grade B,Surfactants,kg,High,746,674.1111238563673,22.470370795212244,125.72615744810889,22.954350834258463,40,6,46,4605,369,418,2025-07-08,2025-08-08,8,730,1033.637056579763,16.42162487494967,179.76296636169795,189.23703363830205,No,607.237033638302,204.9365380735589,Sin riesgo,No,0.98,2.054,319.7748988356792,1353.4119554154422,4605,Reabastecer
2025-07-01,SKU0067,Solvents Grade B,Solvents,litre,High,2064,1686.5552770576232,56.21850923525411,440.72643316335007,80.46526971078659,38,4,42,1095,937,1332,2025-07-08,2025-08-08,8,365,2361.1773878806725,16.66710862216204,449.7480738820329,487.2519261179671,No,1819.251926117967,19.47757090850313,Sin riesgo,No,0.98,2.054,1071.108722050165,3432.2861099308375,1095,Reabastecer
2025-07-01,SKU0068,Solvents Grade A,Solvents,kg,High,587,649.5556351454527,21.651854504848423,159.99944444347994,29.211768303329524,36,5,41,3404,421,598,2025-07-08,2025-08-08,8,1095,887.7260346987854,19.44406193500547,173.21483603878738,247.78516396121262,No,845.7851639612127,157.215170609878,Sin riesgo,No,0.98,2.054,384.1936786912752,1271.9197133900607,3404,Reabastecer
2025-07-01,SKU0069,Solvents Grade B,Solvents,kg,Low,82,81.55555573657085,2.7185185245523615,21.5872904995303,3.9412819873365703,39,8,47,7072,78,92,2025-07-08,2025-08-08,8,540,127.770370653961,28.69209802895998,21.748148196418892,56.251851803581104,No,148.2518518035811,2601.416887959038,Negociar MOQ - Alto riesgo de caducar,No,0.98,2.054,55.499219647273385,183.2695903012344,7072,Reabastecer - Negociar MOQ
2025-07-01,SKU0070,Surfactants Grade C,Surfactants,litre,Low,139,138.99902222046322,4.633300740682107,18.779717191102154,3.4286915763780685,36,10,46,8046,128,107,2025-07-08,2025-08-08,8,730,213.13183407137691,27.626093613158393,37.066405925456856,90.93359407454315,No,197.93359407454315,1736.5589782146283,Negociar MOQ - Alto riesgo de caducar,No,0.98,2.054,47.76477931750936,260.8966133888863,8046,Reabastecer - Negociar MOQ
2025-07-01,SKU0071,Packaging Grade A,Packaging,kg,High,2723,2561.6546770519035,85.38848923506345,659.3571279831759,120.38159081606875,21,4,25,7729,3327,719,2025-07-08,2025-08-08,8,365,2134.712230876586,38.96309713175977,683.1079138805076,2643.8920861194924,No,3362.8920861194924,90.51571317444281,Sin riesgo,No,0.98,2.054,1236.318937681026,3371.031168557612,7729,Reabastecer
2025-07-01,SKU0072,Packaging Grade C,Packaging,litre,Medium,381,350.5555550372353,11.685185167907843,62.64618459606654,11.437576148299435,16,4,20,656,767,266,2025-07-08,2025-08-08,8,730,233.70370335815687,65.63866887676598,93.48148134326274,673.5185186567372,No,939.5185186567372,56.1394612557477,Sin riesgo,No,0.98,2.054,105.0629124203772,338.76661577853406,0,OK
2025-07-01,SKU0073,Additives Grade B,Additives,kg,Medium,230,227.74130095335985,7.591376698445329,51.790604038441835,9.455627366224249,41,7,48,6152,0,134,2025-07-08,2025-08-08,8,730,364.38608152537574,0.0,60.73101358756263,-60.73101358756263,Alto,73.26898641243737,810.3931927472253,Negociar MOQ - Alto riesgo de caducar,No,0.98,2.054,134.55858356131233,498.9446650866881,6152,Urgente - Riesgo de quiebre
2025-07-01,SKU0074,Packaging Grade A,Packaging,kg,Medium,488,384.99999188466944,12.833333062822314,84.09657147192942,15.353863068007058,59,9,68,1866,677,445,2025-07-08,2025-08-08,8,365,872.6666482719173,52.7532478652209,102.66666450257851,574.3333354974214,No,1019.3333354974214,145.40260046750694,Sin riesgo,No,0.98,2.054,260.05940147524416,1132.7260497471616,1866,Reabastecer
2025-07-01,SKU0075,Packaging Grade A,Packaging,litre,High,884,883.999999910593,29.466666663686436,127.9079530148319,23.35269038351145,37,9,46,5492,369,682,2025-07-08,2025-08-08,8,540,1355.466666529576,12.522624435655667,235.73333330949148,133.26666669050852,No,815.2666666905085,186.38009051658787,Sin riesgo,No,0.98,2.054,325.3241295668971,1680.790796096473,5492,Reabastecer
2025-07-01,SKU0076,Intermediates Grade C,Intermediates,kg,Medium,185,200.22222200640763,6.674074066880254,44.88800879225245,8.195391659002299,60,7,67,7505,78,129,2025-07-08,2025-08-08,8,365,447.16296248097706,11.68701444101002,53.392592535042034,24.607407464957966,No,153.60740746495796,1124.5005561510281,Negociar MOQ - Alto riesgo de caducar,No,0.98,2.054,137.78678094414977,584.9497434251268,7505,Reabastecer - Negociar MOQ
2025-07-01,SKU0077,Intermediates Grade C,Intermediates,kg,Low,168,166.00000707665825,5.533333569221941,33.77392156350485,6.166246231913918,39,11,50,7856,202,77,2025-07-08,2025-08-08,8,730,276.6666784610971,36.5060225401166,44.26666855377553,157.73333144622447,No,234.73333144622447,1419.758975619584,Negociar MOQ - Alto riesgo de caducar,No,0.98,2.054,89.55839554457482,366.2250740056719,7856,Reabastecer - Negociar MOQ
2025-07-01,SKU0078,Solvents Grade C,Solvents,kg,High,862,720.2222152205177,24.007407174017256,101.57804880976992,18.54552956015726,57,11,68,834,439,877,2025-07-08,2025-08-08,8,1095,1632.5036878331734,18.28602301022832,192.05925739213805,246.94074260786195,No,1123.940742607862,34.73927833833808,Sin riesgo,No,0.98,2.054,314.1189481822027,1946.6226360153762,834,Reabastecer
2025-07-01,SKU0079,Packaging Grade A,Packaging,kg,Medium,531,524.777807494021,17.49259358313403,133.23930017495258,24.326056750674518,33,10,43,5851,236,488,2025-07-08,2025-08-08,8,365,752.1815240747634,13.491424177804367,139.94074866507225,96.05925133492775,No,584.0592513349277,334.48441891666675,Sin riesgo,No,0.98,2.054,327.647140933246,1079.8286650080095,5851,Reabastecer
2025-07-01,SKU0080,Additives Grade B,Additives,litre,Medium,421,458.6666755939797,15.288889186465989,77.47895771684651,14.145657624501931,43,2,45,8766,412,244,2025-07-08,2025-08-08,8,730,688.0000133909695,26.94767389410541,122.31111349172791,289.6888865082721,No,533.6888865082722,573.3575469799224,Sin riesgo,No,0.98,2.054,194.90807783858864,882.9080912295581,8766,Reabastecer
2025-07-01,SKU0081,Solvents Grade B,Solvents,kg,Low,148,147.9999998956919,4.933333329856397,36.17181222996713,6.604039168064747,56,7,63,6705,230,231,2025-07-08,2025-08-08,8,540,310.799999780953,46.62162165447982,39.46666663885117,190.53333336114883,No,421.53333336114883,1359.1216225795094,Negociar MOQ - Alto riesgo de caducar,No,0.98,2.054,107.66644025990641,418.4664400408594,0,OK
2025-07-01,SKU0082,Packaging Grade C,Packaging,kg,Medium,272,269.7777743108659,8.992592477028863,37.11259145417421,6.77580116897489,19,9,28,6052,349,87,2025-07-08,2025-08-08,8,730,251.79258935680815,38.80972043284552,71.9407398162309,277.0592601837691,No,364.0592601837691,672.9983612022381,Sin riesgo,No,0.98,2.054,73.64446446655666,325.4370538233648,0,OK
2025-07-01,SKU0083,Intermediates Grade A,Intermediates,kg,Low,147,165.0000032051028,5.50000010683676,40.566680361542474,7.406428639039547,23,10,33,5969,207,71,2025-07-08,2025-08-08,8,540,181.50000352561307,37.636362905282354,44.00000085469408,162.99999914530594,No,233.99999914530594,1085.272706191451,Negociar MOQ - Alto riesgo de caducar,No,0.98,2.054,87.39090804657224,268.8909115721853,5969,Reabastecer - Negociar MOQ
2025-07-01,SKU0084,Solvents Grade C,Solvents,litre,Medium,303,274.33331722047177,9.144443907349059,51.88459415964542,9.472787536079531,43,7,50,3819,559,185,2025-07-08,2025-08-08,8,365,457.22219536745297,61.13001574111597,73.15555125879247,485.84444874120754,No,670.8444487412075,417.630644213456,Negociar MOQ - Alto riesgo de caducar,No,0.98,2.054,137.58251311391552,594.8047084813685,0,OK
2025-07-01,SKU0085,Packaging Grade A,Packaging,kg,Low,101,97.55555639735672,3.2518518799118907,16.4465464122073,3.0027148210071988,45,5,50,6507,89,39,2025-07-08,2025-08-08,8,1095,162.59259399559454,27.369020264973283,26.014815039295126,62.98518496070487,No,101.98518496070487,2001.0136501593388,Negociar MOQ - Alto riesgo de caducar,No,0.98,2.054,43.61134984449872,206.20394384009325,6507,Reabastecer - Negociar MOQ
2025-07-01,SKU0086,Solvents Grade A,Solvents,kg,Medium,315,274.33333076201404,9.144444358733802,32.427012059564035,5.920335325838425,20,9,29,4827,275,207,2025-07-08,2025-08-08,8,365,265.18888640328026,30.072904291593094,73.15555486987041,201.8444451301296,No,408.8444451301296,527.8614873291631,Negociar MOQ - Alto riesgo de caducar,No,0.98,2.054,65.48558988421011,330.6744762874904,0,OK
2025-07-01,SKU0087,Solvents Grade A,Solvents,litre,Medium,360,242.7777681341512,8.092592271138374,52.01922721455981,9.497368056467012,17,1,18,2541,733,342,2025-07-08,2025-08-08,8,1095,145.66666088049072,90.57666263679066,64.74073816910699,668.259261830893,No,1010.259261830893,313.990859154277,Sin riesgo,No,0.98,2.054,82.76371196122125,228.43037284171197,0,OK
2025-07-01,SKU0088,Additives Grade B,Additives,kg,High,606,620.6666377333609,20.68888792444536,129.60028292150187,23.661666138386035,56,10,66,5741,315,602,2025-07-08,2025-08-08,8,1095,1365.4666030133938,15.225564619536925,165.51110339556288,149.48889660443712,No,751.4888966044371,277.4919570817825,Sin riesgo,No,0.98,2.054,394.83689621084466,1760.3034992242383,5741,Reabastecer
2025-07-01,SKU0089,Packaging Grade A,Packaging,litre,Medium,372,477.4443821749461,15.91481273916487,154.1361591436466,28.141283763393805,49,9,58,5365,445,381,2025-07-08,2025-08-08,8,1095,923.0591388715624,27.9613720433478,127.31850191331895,317.681498086681,No,698.681498086681,337.1073281181145,Sin riesgo,No,0.98,2.054,440.20841623016435,1363.2675551017267,5365,Reabastecer
2025-07-01,SKU0090,Additives Grade C,Additives,kg,Medium,200,241.3333402086357,8.04444467362119,67.60711665366468,12.343314279698442,54,8,62,4192,248,311,2025-07-08,2025-08-08,8,540,498.7555697645137,30.828728403493802,64.35555738896952,183.64444261103048,No,494.6444426110305,521.1049575300243,Sin riesgo,No,0.98,2.054,199.63104076630228,698.386610530816,4192,Reabastecer
2025-07-01,SKU0091,Additives Grade C,Additives,kg,Medium,241,206.44444355615957,6.881481451871986,42.324802290015356,7.727416318729241,42,2,44,6849,131,63,2025-07-08,2025-08-08,8,730,302.7851838823674,19.03659857491351,55.05185161497589,75.94814838502411,No,138.94814838502413,995.2798751113178,Negociar MOQ - Alto riesgo de caducar,No,0.98,2.054,105.28368768941124,408.06887157177863,6849,Reabastecer - Negociar MOQ
2025-07-01,SKU0092,Intermediates Grade A,Intermediates,kg,Medium,333,410.7776877286917,13.692589590956391,110.01257503879576,20.08545631932607,34,5,39,1743,470,191,2025-07-08,2025-08-08,8,730,534.0109940472993,34.3251360071745,109.54071672765113,360.4592832723489,No,551.4592832723489,127.29513204362799,Sin riesgo,No,0.98,2.054,257.6406852858194,791.6516793331186,1743,Reabastecer
2025-07-01,SKU0093,Solvents Grade A,Solvents,kg,Medium,461,369.77778012441456,12.325926004147153,78.14687027215699,14.267601215496754,59,10,69,5227,358,441,2025-07-08,2025-08-08,8,540,850.4888942861536,29.04447096952782,98.60740803317722,259.3925919668228,No,700.3925919668228,424.0655021165416,Sin riesgo,No,0.98,2.054,243.43103566954372,1093.9199299556974,5227,Reabastecer
2025-07-01,SKU0094,Additives Grade A,Additives,kg,Medium,265,264.99999921023846,8.83333330700795,33.688276892711514,6.150609725872713,40,5,45,1131,0,170,2025-07-08,2025-08-08,8,1095,397.49999881535774,0.0,70.6666664560636,-70.6666664560636,Alto,99.3333335439364,128.03773623063879,Sin riesgo,No,0.98,2.054,84.74710409565628,482.24710291101405,1131,Urgente - Riesgo de quiebre
2025-07-01,SKU0095,Additives Grade B,Additives,kg,Medium,369,368.9999976605177,12.299999922017257,66.98134068529832,12.22906374175881,50,9,59,7855,426,218,2025-07-08,2025-08-08,8,365,725.6999953990181,34.634146561045995,98.39999937613806,327.60000062386194,No,545.6000006238619,638.6178902277378,Negociar MOQ - Alto riesgo de caducar,No,0.98,2.054,192.93883585271266,918.6388312517308,7855,Reabastecer - Negociar MOQ
2025-07-01,SKU0096,Surfactants Grade C,Surfactants,litre,Medium,428,401.8889065051712,13.396296883505705,82.28379076235016,15.02289610585813,38,11,49,4120,241,310,2025-07-08,2025-08-08,8,730,656.4185472917795,17.99004621170595,107.17037506804564,133.82962493195436,No,443.82962493195436,307.5476779760519,Sin riesgo,No,0.98,2.054,215.99920021002816,872.4177475018078,4120,Reabastecer
2025-07-01,SKU0097,Packaging Grade B,Packaging,litre,Medium,117,194.55555630285377,6.485185210095126,41.136763768353646,7.510511152896171,45,2,47,7054,0,93,2025-07-08,2025-08-08,8,540,304.8037048744709,0.0,51.881481680761006,-51.881481680761006,Alto,41.118518319238994,1087.7098758905809,Negociar MOQ - Alto riesgo de caducar,No,0.98,2.054,105.75937207161462,410.5630769460855,7054,Urgente - Riesgo de quiebre
2025-07-01,SKU0098,Additives Grade C,Additives,kg,Low,130,122.55555211259758,4.08518507041992,30.328021512932374,5.537113835711672,35,4,39,1729,56,102,2025-07-08,2025-08-08,8,1095,159.32221774637688,13.708069288093162,32.68148056335936,23.318519436640642,No,125.31851943664064,423.2366392698764,Sin riesgo,No,0.98,2.054,71.02580994217679,230.34802768855366,1729,Reabastecer
2025-07-01,SKU0099,Solvents Grade B,Solvents,litre,Medium,121,202.33333334392063,6.744444444797354,50.546018636486096,9.228398199759985,53,4,57,2191,225,88,2025-07-08,2025-08-08,8,540,384.4333333534492,33.360790772554196,53.95555555837883,171.04444444162118,No,259.0444444416212,324.8599670340722,Sin riesgo,No,0.98,2.054,143.10809246146772,527.5414258149169,2191,Reabastecer
2025-07-01,SKU0100,Packaging Grade A,Packaging,kg,Medium,462,486.4442034935609,16.214806783118696,44.68407620916725,8.158158833680279,19,4,23,6667,594,405,2025-07-08,2025-08-08,8,365,372.94055601173,36.633183974687626,129.71845426494957,464.28154573505043,No,869.2815457350505,411.16740329838785,Negociar MOQ - Alto riesgo de caducar,No,0.98,2.054,80.36306900007683,453.30362501180684,0,OK
